	{

		"metadata": {
			"formatVersion" : 3.1,
			"generatedBy"   : "Blender 2.7 Exporter",
			"vertices"      : 84,
			"faces"         : 102,
			"normals"       : 64,
			"colors"        : 0,
			"uvs"           : [],
			"materials"     : 1,
			"morphTargets"  : 0,
			"bones"         : 0
		},

			"scale" : 1.000000,
			
			"vertices" : [-0.00522411,0.166568,-0.0943332,-0.00522411,4.73202,-0.0943334,0.0759702,0.166568,-0.0474557,0.0759702,4.73202,-0.0474559,0.0759702,0.166568,0.0462994,0.0759702,4.73202,0.0462992,-0.00522412,0.166568,0.0931769,-0.00522412,4.73202,0.0931767,-0.0864184,0.166568,0.0462994,-0.0864184,4.73202,0.0462992,-0.0864184,0.166568,-0.0474557,-0.0864184,4.73202,-0.0474559,-0.00522373,4.90177,-0.278641,0.0759705,4.94865,-0.278967,0.0759705,5.0424,-0.279618,-0.00522374,5.08928,-0.279944,-0.086418,5.0424,-0.279618,-0.086418,4.94865,-0.278967,-0.00522373,4.95108,-0.646015,0.0759705,4.98236,-0.680932,0.0759705,5.04491,-0.750765,-0.00522374,5.07619,-0.785682,-0.086418,5.04491,-0.750765,-0.086418,4.98236,-0.680932,-0.00522374,4.87955,-0.738031,0.0759705,4.88195,-0.784848,0.0759705,4.88675,-0.87848,-0.00522374,4.88914,-0.925296,-0.086418,4.88675,-0.87848,-0.086418,4.88195,-0.784848,-0.00522374,4.48092,-0.57198,0.199196,4.48332,-0.712037,0.199196,4.48812,-0.992149,-0.00522376,4.49052,-1.13221,-0.209643,4.48812,-0.992149,-0.209643,4.48332,-0.712037,0.0969861,4.48212,-0.642009,0.199196,4.48572,-0.852093,0.0969861,4.48932,-1.06218,-0.107434,4.48932,-1.06218,-0.209643,4.48572,-0.852093,-0.107434,4.48212,-0.642009,-0.00522374,4.48092,-0.57198,0.199196,4.48332,-0.712037,0.199196,4.48812,-0.992149,-0.00522376,4.49052,-1.13221,-0.209643,4.48812,-0.992149,-0.209643,4.48332,-0.712037,0.0969861,4.48212,-0.642009,0.199196,4.48572,-0.852093,0.0969861,4.48932,-1.06218,-0.107434,4.48932,-1.06218,-0.209643,4.48572,-0.852093,-0.107434,4.48212,-0.642009,-0.00522374,4.48092,-0.57198,0.199196,4.48332,-0.712037,0.199196,4.48812,-0.992149,-0.00522376,4.49052,-1.13221,-0.209643,4.48812,-0.992149,-0.209643,4.48332,-0.712037,0.0969861,4.48212,-0.642009,0.199196,4.48572,-0.852093,0.0969861,4.48932,-1.06218,-0.107434,4.48932,-1.06218,-0.209643,4.48572,-0.852093,-0.107434,4.48212,-0.642009,-0.150519,4.48423,-0.741063,-0.00280056,4.48977,-1.08862,0.156174,4.48777,-0.971904,0.153072,4.48408,-0.728581,-0.000489847,4.48259,-0.63248,-0.152496,4.48788,-0.978619,-0.00522411,0.166568,-0.0943332,0.0759702,0.166568,-0.0474557,0.0759702,0.166568,0.0462994,-0.00522412,0.166568,0.0931769,-0.0864184,0.166568,0.0462994,-0.0864184,0.166568,-0.0474557,-0.00522388,0.0288229,-0.160325,0.151663,0.0288229,-0.0804514,0.151663,0.0288229,0.0792952,-0.00522389,0.0288229,0.159169,-0.16211,0.0288229,0.0792952,-0.16211,0.0288229,-0.0804514],
			"faces"    : [35,0,1,3,2,0,0,1,2,3,35,2,3,5,4,0,3,2,4,5,35,4,5,7,6,0,5,4,6,7,35,6,7,9,8,0,7,6,8,9,35,1,11,17,12,0,1,10,11,12,35,1,0,10,11,0,1,0,13,10,35,8,9,11,10,0,9,8,10,13,35,12,17,23,18,0,12,11,14,15,35,11,9,16,17,0,10,8,16,11,35,9,7,15,16,0,8,6,17,16,35,7,5,14,15,0,6,4,18,17,35,5,3,13,14,0,4,2,19,18,35,3,1,12,13,0,2,1,12,19,35,18,23,29,24,0,15,14,20,21,35,17,16,22,23,0,11,16,22,14,35,16,15,21,22,0,16,17,23,22,35,15,14,20,21,0,17,18,24,23,35,14,13,19,20,0,18,19,25,24,35,13,12,18,19,0,19,12,15,25,34,24,29,30,0,21,20,26,34,29,35,41,0,20,27,28,34,29,41,30,0,20,28,26,35,23,22,28,29,0,14,22,29,20,35,22,21,27,28,0,22,23,30,29,35,21,20,26,27,0,23,24,31,30,35,20,19,25,26,0,24,25,32,31,35,19,18,24,25,0,25,15,21,32,35,30,41,53,42,0,26,28,7,7,34,29,28,35,0,20,29,27,34,28,34,40,0,29,33,34,34,28,40,35,0,29,34,27,34,28,27,34,0,29,30,33,34,27,33,39,0,30,35,36,34,27,39,34,0,30,36,33,34,27,26,33,0,30,31,35,34,26,32,38,0,31,37,38,34,26,38,33,0,31,38,35,34,26,25,32,0,31,32,37,34,25,31,37,0,32,39,40,34,25,37,32,0,32,40,37,34,25,24,31,0,32,21,39,34,24,30,36,0,21,26,41,34,24,36,31,0,21,41,39,35,42,53,65,54,0,7,7,42,43,35,35,40,52,47,0,27,34,7,7,35,34,39,51,46,0,33,36,7,7,35,33,38,50,45,0,35,38,7,7,35,32,37,49,44,0,37,40,7,7,35,31,36,48,43,0,39,41,7,7,35,41,35,47,53,0,28,27,7,7,35,40,34,46,52,0,34,33,7,7,35,39,33,45,51,0,36,35,7,7,35,38,32,44,50,0,38,37,7,7,35,37,31,43,49,0,40,39,7,7,35,36,30,42,48,0,41,26,7,7,34,60,54,70,0,44,43,45,34,68,67,57,0,46,47,48,34,55,56,61,0,49,49,44,34,55,60,70,0,49,44,45,34,68,57,62,0,46,48,44,34,55,70,69,0,49,45,46,34,68,62,56,0,46,44,49,34,55,69,56,0,49,46,49,34,69,68,56,0,46,46,49,35,47,52,64,59,0,7,7,42,50,35,46,51,63,58,0,7,7,42,50,35,45,50,62,57,0,7,7,44,48,35,44,49,61,56,0,7,7,44,49,35,43,48,60,55,0,7,7,44,49,35,53,47,59,65,0,7,7,50,42,35,52,46,58,64,0,7,7,50,42,35,51,45,57,63,0,7,7,48,42,35,50,44,56,62,0,7,7,49,44,35,49,43,55,61,0,7,7,49,44,35,48,42,54,60,0,7,7,43,44,34,57,67,63,0,48,47,42,34,66,70,54,0,51,45,43,34,65,59,64,0,42,50,42,34,67,58,63,0,47,50,42,34,66,54,65,0,51,43,42,34,67,71,58,0,47,51,50,34,66,65,64,0,51,42,42,34,71,64,58,0,51,42,50,34,71,66,64,0,51,51,42,34,25,26,24,0,32,31,21,34,26,27,28,0,31,30,29,34,28,29,24,0,29,20,21,34,26,28,24,0,31,29,21,34,72,77,73,0,52,53,54,34,77,76,75,0,53,55,56,34,75,74,73,0,56,57,54,34,77,75,73,0,53,56,54,34,78,79,83,0,58,59,60,34,79,80,81,0,59,61,62,34,81,82,83,0,62,63,60,34,79,81,83,0,59,62,60,35,77,72,78,83,0,53,52,58,60,35,76,77,83,82,0,55,53,60,63,35,75,76,82,81,0,56,55,63,62,35,74,75,81,80,0,57,56,62,61,35,73,74,80,79,0,54,57,61,59,35,72,73,79,78,0,52,54,59,58],
			"uvs"      : [],
			"normals"  : [0,0,-1,0,-0.454726,-0.890622,0.916623,-0.143284,-0.373089,0.866024,0,-0.499985,0.797723,0.269539,0.539384,0.866024,0,0.499985,0,0.353557,0.935392,0,0,1,-0.797723,0.269539,0.539384,-0.866024,0,0.499985,-0.916623,-0.143284,-0.373089,-0.894345,-0.414655,-0.167791,0,-0.890835,-0.454268,-0.866024,0,-0.499985,-0.914274,-0.376995,0.148137,0,-0.971648,0.236396,-0.788324,0.560869,0.252876,0,0.945769,0.324778,0.788324,0.560869,0.252876,0.894345,-0.414655,-0.167791,-0.861263,0.369457,0.348827,0,0.109714,0.993957,-0.801782,0.548387,-0.237465,0,0.870022,-0.492935,0.801782,0.548387,-0.237465,0.914274,-0.376995,0.148137,0,0.159703,0.987152,-0.42555,0.178533,0.887112,-0.271889,0.167821,0.947569,-0.662008,0.647633,-0.377209,0,0.739464,-0.673147,0.662008,0.647633,-0.377209,0.861263,0.369457,0.348827,-0.669271,0.31959,0.670736,-0.673055,0.20777,0.709769,0,0.67391,0.738792,-0.748161,0.569536,0.340312,0.669271,0.31959,0.670736,0.748161,0.569536,0.340312,0.42555,0.178533,0.887112,0.673055,0.20777,0.709769,0.271889,0.167821,0.947569,0.002472,-0.713889,0.700247,-9.2e-05,-0.530015,0.847957,-0.003204,-0.714164,0.699942,-0.000549,-0.999786,-0.019715,-0.004486,-0.999786,-0.020112,-0.00058,-0.999786,-0.019715,-0.000122,-0.529984,0.847987,-0.002564,-0.573901,0.818903,0.001984,-0.573687,0.819056,0.003479,-0.999786,-0.019288,0,0.776391,-0.630207,-0.507614,0.797754,-0.325419,0.507614,0.797754,-0.325419,-0.507614,0.797754,0.325419,0,0.776391,0.630207,0.507614,0.797754,0.325419,0,-0.438459,-0.89874,0.792016,-0.403882,-0.457747,-0.792016,-0.403882,-0.457747,0.792016,-0.403882,0.457747,0,-0.438459,0.89874,-0.792016,-0.403882,0.457747],
			
			"skinIndices"  : [],
			"skinWeights"  : [],
			"morphTargets" : [],
			
			"bones"      : [],
			"animations" : [],
			
			"colors"    : [],
			"materials" : [
				{
					"DbgColor": 15658734,
					"DbgIndex": 0,
					"DbgName": "Material.001",
					"blending": "NormalBlending",
					"colorAmbient": [0.021979229524731636, 0.021979229524731636, 0.021979229524731636],
					"colorDiffuse": [0.021979229524731636, 0.021979229524731636, 0.021979229524731636],
					"colorEmissive": [0.0, 0.0, 0.0],
					"colorSpecular": [1.0, 1.0, 1.0],
					"depthTest": true,
					"depthWrite": true,
					"shading": "Lambert",
					"specularCoef": 50,
					"transparency": 1.0,
					"transparent": false,
					"vertexColors": false
				}
			]


	}
